case,mass_kg,radius_m,disk_loading_kg_m2,ideal_hover_vi_m_s,ideal_hover_power_kw,omega_rad_s,available_or_actual_power_kw,ideal_to_power_ratio,main_rotor_torque_nm,simple_tail_thrust_n,tail_ideal_power_kw
course_z11_hover_example,1360,4.0,27.05634032562221,10.406670934574395,138.79422814793983,51.75,205,0.6770450153558041,3961.352657004831,850.0756774688479,18.23191665269723
z10_public_low_estimate,7000,6.0,61.89358898018152,15.739833315670813,1080.4852546958623,35.0,2386,0.45284377816255755,,,
z10_public_high_estimate,8000,6.5,60.271694425333145,15.53223655178117,1218.5536606441983,32.30769230769231,2400,0.5077306919350826,,,
